latitude,longitude,nome_local,data_hora,temperatura,umidade,precipitacao,pressao_ar,velocidade_vento,classificacao
-15.7939,-47.8828,Brasília,2023-09-13 08:06:53,27.98685661204493,82.0,7.563620869323428,1012.308678494144,4.010967867230222,nenhum
-8.0476,-34.877,Recife,2024-10-14 05:43:09,26.0,95.0,80.0,1005.0,15.0,enchente
-3.119,-60.0217,Manaus,2024-10-21 20:20:19,24.0,90.0,60.0,990.0,80.0,ciclone
-15.7939,-47.8828,Brasília,2025-03-03 15:31:18,40.0,20.0,0.0,1008.0,10.0,onda_calor
-15.7939,-47.8828,Brasília,2024-06-19 21:01:02,5.0,60.0,2.0,1025.0,5.0,onda_frio
-25.4284,-49.2733,Curitiba,2024-11-01 10:38:52,25.0,98.0,120.0,1003.0,20.0,chuva_torrencial
-8.0476,-34.877,Recife,2025-01-04 17:47:29,34.0,10.0,0.0,1015.0,10.0,seca
-9.9747,-67.8243,Rio Branco,2023-10-28 23:28:27,34.56663372886645,62.0,0.29919384304340335,1014.3952064610007,15.052576424032633,nenhum
-9.9747,-67.8243,Rio Branco,2024-06-30 22:03:01,23.67648746390594,60.0,4.804891430206782,1010.3741509641093,10.111109133059914,nenhum
-9.9747,-67.8243,Rio Branco,2025-01-02 16:27:00,24.28882834558662,81.0,0.2389480563188588,1014.1103945078237,6.160117490284614,nenhum
-1.4558,-48.4902,Belém,2023-09-12 06:15:16,26.56985840954662,42.0,9.828436403869183,1012.826739078862,7.374385744349954,nenhum
-25.4284,-49.2733,Curitiba,2024-06-22 11:48:10,33.651085085436826,57.0,14.868438967534654,1009.996806550406,8.541531251033616,nenhum
-23.5505,-46.6333,São Paulo,2024-06-04 07:30:38,23.593173551082412,46.0,4.707999850535069,1022.2613909225447,8.159145293282293,nenhum
-1.4558,-48.4902,Belém,2023-11-27 15:18:00,27.502258535362778,56.0,1.4972888842034304,1006.6744044303867,15.459961321788356,nenhum
-3.7172,-38.5433,Fortaleza,2024-09-06 02:48:25,30.55662608310488,95.0,51.56566462277793,1008.580919172847,11.118571690371207,enchente
-9.9747,-67.8243,Rio Branco,2023-06-13 12:29:03,30.80357108779811,49.0,11.260759987670983,1016.692332899977,10.856841405949853,nenhum
-30.0346,-51.2177,Porto Alegre,2023-12-10 23:06:31,25.53740687044704,55.0,6.878159244143276,1011.4944815220535,21.703731670515232,nenhum
-30.0346,-51.2177,Porto Alegre,2025-03-28 18:59:32,30.283940748069476,64.0,1.649014200671246,1007.3472384765921,10.67214441314011,nenhum
-25.4284,-49.2733,Curitiba,2023-06-20 16:52:10,28.328491178852158,74.0,7.807420025607201,1017.4387422979668,13.492201296054809,nenhum
-23.5505,-46.6333,São Paulo,2024-10-10 01:54:45,26.69440825465922,80.0,12.323148648095923,1012.1589745595046,15.82384322752262,nenhum
-9.9747,-67.8243,Rio Branco,2023-08-31 03:41:58,0.9541011649041131,57.41636504396533,3.3442062633180365,1024.750026977536,2.747217929900642,onda_frio
-12.9714,-38.5014,Salvador,2023-08-22 07:44:25,32.906065874301454,74.0,3.195330666881549,1014.8081801252382,6.774401226974378,nenhum
-8.0476,-34.877,Recife,2024-02-08 04:43:11,27.445582422033656,53.0,3.4040736575513897,1020.6901828323298,-3.0987255204487223,nenhum
-1.4558,-48.4902,Belém,2024-07-16 18:40:08,29.287610017500896,81.0,2.8931718924957153,1013.752445390553,9.432893743268028,nenhum
-9.9747,-67.8243,Rio Branco,2025-04-02 10:57:56,30.90058466183637,88.0,76.30265895704372,984.8745455559457,69.971689165955,ciclone
-23.5505,-46.6333,São Paulo,2024-04-14 11:00:18,31.911576178966065,75.0,14.310691838240661,1010.4086489086318,18.11460249670687,nenhum
-23.5505,-46.6333,São Paulo,2023-11-23 16:54:11,29.294932307900567,67.0,13.274750429403124,1015.507241657624,15.790933264660138,nenhum
-23.5505,-46.6333,São Paulo,2023-10-26 22:45:52,27.028467480225117,83.0,2.6936393801093876,1014.5725644793158,8.279597293443407,nenhum
-30.0346,-51.2177,Porto Alegre,2023-11-14 05:48:48,29.003143542357684,67.0,2.2025957067065822,1011.7090760073183,12.304778077101467,nenhum
-9.9747,-67.8243,Rio Branco,2024-04-12 16:02:40,42.53383084378954,10.007805654929737,0.0,1003.951830080301,6.6465585314294175,onda_calor
-12.9714,-38.5014,Salvador,2024-06-20 23:51:01,21.923708858527718,66.0,2.7013666045933564,1011.0224177420986,8.55431571765029,nenhum
-15.7939,-47.8828,Brasília,2024-03-06 16:17:07,27.81174530613404,71.0,3.6572640288007596,1012.1696954582446,5.284715957663688,nenhum
-1.4558,-48.4902,Belém,2025-04-09 03:11:50,31.615834954637172,51.0,1.4503064749610264,1003.4061439235048,9.867430622753915,nenhum
-1.4558,-48.4902,Belém,2024-12-23 09:29:39,26.240920839764104,62.0,1.6331296050518467,1025.3162105624265,9.038195176094387,nenhum
-3.7172,-38.5433,Fortaleza,2024-06-08 00:03:14,27.20618936933445,41.0,3.785065195311601,1022.8251738196274,0.30044390698378365,nenhum
-30.0346,-51.2177,Porto Alegre,2023-09-04 21:26:11,22.949492143139395,56.0,6.513744642461581,1013.8432969359665,17.013971554680495,nenhum
-8.0476,-34.877,Recife,2025-01-23 20:41:20,20.392595748830878,45.0,2.5443413901259837,1015.562118661858,12.71744345621218,nenhum
-15.7939,-47.8828,Brasília,2025-02-28 10:12:12,26.112397853392807,55.0,0.208148798971726,1007.0145646833084,18.53302476839231,nenhum
-12.9714,-38.5014,Salvador,2024-04-08 16:49:55,29.494357662541518,58.0,6.20923069027243,1010.3191994991049,15.482644282474412,nenhum
-3.7172,-38.5433,Fortaleza,2024-03-17 16:07:50,0.9617655109142076,68.81046528979208,1.9878601054376115,1026.2447034956995,6.7569011703928075,onda_frio
-8.0476,-34.877,Recife,2023-11-11 18:26:09,43.1465128346854,13.136074311065705,0.0,1008.1969474743337,10.41447973827566,onda_calor
-30.0346,-51.2177,Porto Alegre,2024-10-06 13:04:06,6.957843993450822,54.57100043594599,0.8747746354796809,1020.0651694988328,2.60829174830409,onda_frio
-25.4284,-49.2733,Curitiba,2025-02-22 06:09:47,27.511078367892367,40.0,0.48863070237470363,1005.799792761581,15.953636280568201,nenhum
-23.5505,-46.6333,São Paulo,2025-06-08 04:57:58,31.19758725705795,42.0,9.700982729817856,1008.6642692197522,14.603333578565357,nenhum
-3.119,-60.0217,Manaus,2024-04-24 05:49:10,25.093110177802554,50.0,13.715925910424536,1016.2652415552488,15.513437327313557,nenhum
-8.0476,-34.877,Recife,2024-06-17 09:26:51,18.600788251343076,64.0,5.4458119364512045,1018.8431562172526,19.328872555723784,nenhum
-25.4284,-49.2733,Curitiba,2023-12-14 13:31:38,27.89533168364715,55.0,25.97651435295704,1006.3496296724261,9.87356187214436,nenhum
-3.7172,-38.5433,Fortaleza,2024-12-25 18:30:48,3.664687845828599,64.88341046113125,3.6046996212606466,1022.0905926097779,5.0881407683876,onda_frio
-8.0476,-34.877,Recife,2024-11-10 12:36:19,18.453887816857446,61.0,1.5408007392941558,1017.3933677409544,8.802027459030953,nenhum
-9.9747,-67.8243,Rio Branco,2023-10-23 02:44:11,30.837527882746535,69.0,5.179643462758455,1015.68980001846,14.250602910619286,nenhum
-9.9747,-67.8243,Rio Branco,2023-07-06 07:05:08,27.57735980585932,58.0,4.2432094734243995,1012.94208340109,10.952993525572614,nenhum
-23.5505,-46.6333,São Paulo,2024-10-15 07:02:59,28.4279028382745,80.0,15.295687534745536,1011.2554940861362,13.030646815495423,nenhum
-3.119,-60.0217,Manaus,2024-07-13 01:27:40,36.578339753366706,14.803315837160456,0.0,1007.2230816250016,6.130193840091923,seca
-25.4284,-49.2733,Curitiba,2023-09-10 02:17:03,22.201923819284566,72.0,1.9057311571535853,1010.0155133421862,11.07046872065102,nenhum
-15.7939,-47.8828,Brasília,2023-11-06 22:06:08,19.262783663864035,99.0,73.76852562905245,993.1755627545099,74.34587125184656,ciclone
-3.7172,-38.5433,Fortaleza,2025-05-28 19:20:45,21.679196519838058,66.0,1.7498487164740268,1017.4141883025469,7.75347806952109,nenhum
-8.0476,-34.877,Recife,2024-05-19 19:42:54,27.674557876690407,78.0,1.737810421335476,1009.3591037531834,12.575176336043299,nenhum
-3.119,-60.0217,Manaus,2024-04-05 04:20:58,28.055143803648836,64.0,4.727487008003793,1007.0836718927279,12.474978270958475,nenhum
-9.9747,-67.8243,Rio Branco,2024-01-08 09:02:10,25.33876154178575,53.0,11.036617381733835,1009.5641241233375,4.237173141699925,nenhum
-3.7172,-38.5433,Fortaleza,2025-02-08 07:02:45,19.996926427171303,41.0,2.8854871020622284,1006.9993413113492,16.006902221088453,nenhum
-1.4558,-48.4902,Belém,2023-11-02 21:35:41,26.59933486535839,81.0,8.64675684769068,1013.7045368403566,5.534398631853884,nenhum
-12.9714,-38.5014,Salvador,2023-12-28 19:24:33,24.660731010421067,72.0,8.797497430785818,1019.0519931656831,9.243820172538854,nenhum
-1.4558,-48.4902,Belém,2024-03-28 22:00:11,24.50191376363812,74.0,5.072687241023079,1006.543919434319,-0.12571293328803534,nenhum
-8.0476,-34.877,Recife,2023-06-17 21:27:36,26.74581725907771,56.0,2.5443119395829132,1020.9649089712973,7.830292004949742,nenhum
-30.0346,-51.2177,Porto Alegre,2023-12-02 10:02:13,23.069231194784624,62.0,2.795831100756765,1010.1086154301793,8.157750054566517,nenhum
-8.0476,-34.877,Recife,2025-04-15 15:50:17,26.628807420388313,40.0,2.9201387599572355,1011.4032246109261,8.976917472612058,nenhum
-3.119,-60.0217,Manaus,2023-06-12 22:50:37,27.084246994969053,44.0,4.7301523601871756,1024.2240330300529,2.4031501702299334,nenhum
-3.7172,-38.5433,Fortaleza,2025-04-21 05:33:17,24.063063708534994,55.0,0.8637165607862862,1011.303068534109,5.923645317390381,nenhum
-3.7172,-38.5433,Fortaleza,2023-11-03 22:06:21,25.097277145579966,88.0,46.92807479640061,992.999483168555,77.35406596951893,ciclone
-8.0476,-34.877,Recife,2023-10-23 13:40:26,32.52964521572654,44.0,10.88771510881731,1005.8492931101969,10.009068055973382,nenhum
-25.4284,-49.2733,Curitiba,2024-08-10 12:49:15,29.02374112716661,44.0,5.759492090820595,1015.8388418387881,10.740908656895746,nenhum
-3.7172,-38.5433,Fortaleza,2023-12-09 04:47:00,30.68974312956897,51.0,2.4565034611195364,1015.6570000548016,6.924331611143347,nenhum
-1.4558,-48.4902,Belém,2024-03-26 17:27:49,34.445270566465005,82.0,14.190635731164996,1015.1966357005172,9.457510557182434,nenhum
-15.7939,-47.8828,Brasília,2024-04-24 15:16:31,24.054268935790557,47.0,2.433890656800175,1014.0379913064286,4.375241310835714,nenhum
-1.4558,-48.4902,Belém,2025-05-12 11:54:41,31.127681521256807,80.0,3.4262666387320735,1007.7851930319857,16.63235834159524,nenhum
-30.0346,-51.2177,Porto Alegre,2024-02-28 11:03:01,27.79459469620802,75.0,0.9766664802022349,1012.606341581661,13.73646802561631,nenhum
-25.4284,-49.2733,Curitiba,2024-02-05 10:05:49,28.44148106173386,74.0,2.660396770763025,1019.3883244789421,7.04214305582085,nenhum
-15.7939,-47.8828,Brasília,2024-11-09 18:35:57,28.18838952468015,76.0,1.3629615539237285,1011.9890367378305,15.721857677373418,nenhum
-25.4284,-49.2733,Curitiba,2025-02-20 17:30:38,29.431458635153867,74.0,0.5441875940335901,1013.0607325453661,14.654670419870396,nenhum
-15.7939,-47.8828,Brasília,2023-09-22 14:22:02,23.90724762565156,58.0,2.464942270300856,1017.7457149389049,8.644797688557288,nenhum
-3.7172,-38.5433,Fortaleza,2025-04-18 17:43:15,23.547621268366488,53.0,5.646954195856502,1006.2884358674501,-6.820477632316553,nenhum
-15.7939,-47.8828,Brasília,2024-08-12 11:07:36,30.494167126766065,60.0,6.979189368315386,1023.7160259405695,13.120599085260775,nenhum
-3.119,-60.0217,Manaus,2025-02-09 09:39:03,28.51338203705712,84.0,13.363109240234587,1022.0683328793946,12.022914475587624,nenhum
-23.5505,-46.6333,São Paulo,2023-12-16 07:49:58,26.360290347926647,77.0,0.4392776083430254,1013.4136521790024,7.8334829654872,nenhum
-25.4284,-49.2733,Curitiba,2023-09-10 12:58:25,26.81529091010987,66.0,6.124998765650025,1018.7717716920446,7.613091347123396,nenhum
-30.0346,-51.2177,Porto Alegre,2024-05-22 07:49:17,23.34309022678231,70.0,3.285686814517824,1019.8005568312409,17.391260574112316,nenhum
-3.119,-60.0217,Manaus,2023-07-21 01:16:16,22.482128639012974,49.0,11.841188377390452,1012.9049189604866,4.987353176810956,nenhum
-23.5505,-46.6333,São Paulo,2024-10-30 03:06:53,25.92594745603044,59.0,0.6324549796558561,1011.5567068053994,11.613592801690448,nenhum
-23.5505,-46.6333,São Paulo,2024-09-19 06:55:20,22.69107622579071,40.0,5.713438898754861,1010.301273203377,2.9001918350415483,nenhum
-25.4284,-49.2733,Curitiba,2023-11-24 01:47:41,22.61226505100935,72.0,1.265410338659267,1012.7737518813034,10.348263322594395,nenhum
-15.7939,-47.8828,Brasília,2024-07-07 22:38:42,26.96700861271693,94.0,62.64950839946206,1003.5842407761296,13.086032389465323,enchente
-30.0346,-51.2177,Porto Alegre,2023-07-26 08:14:49,24.112489903528523,54.0,3.0306387783847546,1010.21909427099,16.00205774206699,nenhum
-30.0346,-51.2177,Porto Alegre,2024-04-21 19:32:37,33.26435116097526,55.0,6.679921160422584,1012.2835837064146,6.996976593752075,nenhum
-1.4558,-48.4902,Belém,2024-06-27 04:06:39,24.767288186900853,67.0,5.204288719721037,1009.3128526676161,3.237747225450015,nenhum
-25.4284,-49.2733,Curitiba,2023-06-12 07:44:14,23.766318522268957,67.0,0.40461142216592394,1014.7087798788858,19.380854196079433,nenhum
-9.9747,-67.8243,Rio Branco,2025-03-31 03:15:19,29.8016953527442,67.0,1.5801172255782467,1010.115481721688,9.386056254212427,nenhum
-12.9714,-38.5014,Salvador,2024-06-04 16:49:29,26.2977864825071,94.0,80.6707597967895,1007.1007288600872,11.338502780287687,enchente
-8.0476,-34.877,Recife,2025-05-29 12:43:09,25.705555536832374,40.0,3.2731920833962476,1011.588894055064,6.921070776161443,nenhum
-3.119,-60.0217,Manaus,2023-07-26 09:25:04,26.974985324239086,97.84540734582873,106.35118295900014,1006.3085504042333,10.55232801453987,chuva_torrencial
-8.0476,-34.877,Recife,2025-01-09 12:58:22,38.936964831604435,10.20507947240496,0.0,1008.6560492768284,10.34346275029463,onda_calor
-23.5505,-46.6333,São Paulo,2025-05-28 10:37:15,43.2493752462898,23.69748628386464,0.0,1006.5468729240921,10.85149532325472,onda_calor
-8.0476,-34.877,Recife,2025-03-13 08:23:10,29.69660953234214,58.0,1.4207622229057326,1017.0642823211905,4.661897853087028,nenhum
-30.0346,-51.2177,Porto Alegre,2023-11-27 05:20:11,25.430482059914826,84.0,4.659238512943091,1016.5580743904444,4.376789540810654,nenhum
-12.9714,-38.5014,Salvador,2025-04-01 09:44:05,36.94502592366317,8.581627180328404,0.0,1016.3292560479184,12.8046155135569,seca
-9.9747,-67.8243,Rio Branco,2025-02-15 15:30:24,23.006053853773786,42.0,3.6715493021175756,1013.8498645145365,15.76622593214228,nenhum
-25.4284,-49.2733,Curitiba,2025-05-21 17:37:55,30.106319386208312,56.0,0.7194397769514947,1013.8304406625408,17.445225869422394,nenhum
-12.9714,-38.5014,Salvador,2025-04-11 14:59:39,25.63347550544034,87.0,76.12604234706505,991.0155677397325,84.3235139816754,ciclone
-23.5505,-46.6333,São Paulo,2024-06-09 00:27:37,26.198290917197617,57.0,2.4899093378057535,1017.4303178012308,9.314610894790736,nenhum
-30.0346,-51.2177,Porto Alegre,2023-07-26 18:41:59,26.80053767669369,63.0,12.06597896743599,1002.145670859348,11.100371644018105,nenhum
-30.0346,-51.2177,Porto Alegre,2023-09-28 17:19:23,26.18585122896078,98.98235887836938,145.93468079461724,996.3483495322984,22.631371225280645,chuva_torrencial
-3.119,-60.0217,Manaus,2024-06-09 11:31:13,26.512164274233843,41.0,1.9930801605024988,1010.5933082536013,3.4776524974757344,nenhum
-3.119,-60.0217,Manaus,2023-08-03 16:29:31,28.678690195320154,62.0,0.6850921203350356,1007.4937404757644,12.438366374616468,nenhum
-9.9747,-67.8243,Rio Branco,2023-06-30 22:52:08,28.989472126447208,42.0,3.6204660879357826,1011.5465384598448,10.380240199481925,nenhum
-23.5505,-46.6333,São Paulo,2024-01-01 04:50:11,27.411839902155606,58.0,8.623981111826595,1006.5985443588237,3.491983371290001,nenhum
-3.119,-60.0217,Manaus,2024-01-29 17:28:02,26.20337027654462,44.0,3.0881467168268957,1010.5567995730596,7.23175347326409,nenhum
-3.119,-60.0217,Manaus,2023-08-12 05:20:38,21.208488429644607,53.0,2.0031305247849573,1009.8738090822322,8.631951282480157,nenhum
-1.4558,-48.4902,Belém,2024-05-10 20:14:35,28.9285059339898,97.0,93.67893120533887,1004.4083349874394,16.25677132300255,enchente
-8.0476,-34.877,Recife,2024-05-25 20:37:58,23.518545109857794,74.0,1.0198981603090025,1010.2636008183124,3.8597299043818794,nenhum
-23.5505,-46.6333,São Paulo,2024-06-02 23:08:14,35.496566973602384,62.0,3.7885965536958333,1011.446378676914,8.735403479465026,nenhum
-23.5505,-46.6333,São Paulo,2023-12-05 12:18:58,26.50973762667236,46.0,5.8104049977372725,1015.359134956332,13.255325283351521,nenhum
-12.9714,-38.5014,Salvador,2024-12-14 04:16:18,21.32092626469964,64.0,6.685715712479348,1004.7045420580617,11.299607345678647,nenhum
-12.9714,-38.5014,Salvador,2025-01-15 19:42:43,20.83585571640754,56.0,1.1877846781181494,1009.1338751477359,8.246053774135655,nenhum
-15.7939,-47.8828,Brasília,2025-04-27 22:59:43,25.436445465062192,93.0,67.75521516396523,1007.7316923671133,10.509473653235174,enchente
-30.0346,-51.2177,Porto Alegre,2025-03-13 03:54:07,34.69136918149322,75.0,3.851291816474113,1020.6156203863483,12.694550218423293,nenhum
-15.7939,-47.8828,Brasília,2024-08-22 15:35:29,21.851015382694175,80.0,2.0582723679115538,1012.0483066095819,11.12998637047015,nenhum
-3.119,-60.0217,Manaus,2023-12-27 10:21:51,29.358989751590855,84.0,2.0049891161096687,1009.9145479585657,3.705789792239024,nenhum
-15.7939,-47.8828,Brasília,2024-02-05 08:50:44,27.37760201530441,97.0,94.83827123132126,1004.8760747082576,12.242608139724135,enchente
-12.9714,-38.5014,Salvador,2025-05-13 20:32:37,22.67619953435585,79.0,5.969476473254186,1016.9874210223916,10.72602030142729,nenhum
-23.5505,-46.6333,São Paulo,2023-10-14 13:32:02,33.180658226555856,41.0,4.068252109523711,1012.6274617673441,1.652973594393142,nenhum
-15.7939,-47.8828,Brasília,2023-12-31 23:33:50,28.17344076951974,83.0,1.1475536451175592,1016.2029100347457,5.926079360048513,nenhum
-30.0346,-51.2177,Porto Alegre,2024-06-20 13:16:50,33.387921325790415,53.0,1.7028168421827088,1014.3297763467722,4.304291357050587,nenhum
-30.0346,-51.2177,Porto Alegre,2025-02-04 06:08:58,27.070970662813046,75.0,1.9330366363671634,1004.3520995349543,16.20856979826172,nenhum
-9.9747,-67.8243,Rio Branco,2024-12-05 13:11:10,34.26817600700552,49.0,23.006006556976622,1003.2753035481462,15.031464046072202,nenhum
-23.5505,-46.6333,São Paulo,2025-02-17 01:12:31,23.692432521907406,40.0,0.7472864004737302,1024.9493913610916,6.977927609341439,nenhum
-12.9714,-38.5014,Salvador,2024-10-12 22:03:14,25.147171492379343,44.0,8.87803535570899,1013.7976670286536,10.84864642195187,nenhum
-23.5505,-46.6333,São Paulo,2024-08-29 21:32:56,26.3575756765826,51.0,2.3839617827009754,1013.9175591154386,11.765788116113328,nenhum
-30.0346,-51.2177,Porto Alegre,2023-11-19 22:49:59,28.127667568875385,69.0,8.718638725659329,1016.4817556332624,7.131230998459177,nenhum
-3.7172,-38.5433,Fortaleza,2023-06-23 19:45:55,23.277022901717785,53.0,3.701879781730222,1017.3556235171585,8.369882339160794,nenhum
-3.119,-60.0217,Manaus,2023-09-29 03:45:41,35.139560859381085,13.16599439471577,0.0,1006.8475018592886,11.940196785044098,seca
-30.0346,-51.2177,Porto Alegre,2025-02-07 03:57:39,21.967654756330383,77.0,3.880264751844504,1022.9902477114351,2.1023962134370313,nenhum
-12.9714,-38.5014,Salvador,2024-12-09 23:54:45,21.157995363722527,41.0,3.9214119108888172,1004.932946722246,11.17807279054283,nenhum
-12.9714,-38.5014,Salvador,2024-03-31 19:45:20,29.083460775547866,45.0,14.053083419661046,1005.6070687711008,15.718770216034645,nenhum
-1.4558,-48.4902,Belém,2023-07-08 21:57:17,27.353985629977657,68.0,3.42018032958241,1010.923560430496,12.397904622165434,nenhum
-30.0346,-51.2177,Porto Alegre,2023-09-04 20:23:53,32.33212317582614,68.0,0.8224566006317044,1007.5430478135327,5.9149928036955295,nenhum
-12.9714,-38.5014,Salvador,2024-05-08 07:36:10,32.03908524983849,49.0,2.0933729677254633,1015.0101724002346,16.43487481924797,nenhum
-9.9747,-67.8243,Rio Branco,2025-04-24 15:47:13,21.666087325263078,89.0,59.45429927982431,997.0712563130621,60.48812289272178,ciclone
-3.7172,-38.5433,Fortaleza,2023-08-09 20:24:34,24.105644876091567,75.0,3.912345505978191,1009.1310540044822,3.776726483442915,nenhum
-3.119,-60.0217,Manaus,2025-03-18 22:50:47,18.885119004382886,65.0,14.714118684986055,1020.4802215574459,11.399843131599102,nenhum
-3.7172,-38.5433,Fortaleza,2025-05-17 21:24:03,19.62353285810487,98.0,44.03178412063546,994.3392451833159,83.71851621035286,ciclone
-9.9747,-67.8243,Rio Branco,2024-03-18 23:46:15,22.253943930013055,83.0,4.163577319716988,1015.4050461586836,11.119420121395656,nenhum
-12.9714,-38.5014,Salvador,2023-07-16 07:49:01,22.83810217821875,67.0,2.345503143131086,1015.35734178568,6.862905578112615,nenhum
-30.0346,-51.2177,Porto Alegre,2023-07-04 14:48:37,24.018443028275012,75.0,0.665729798585317,1025.6934555086875,12.61976333553897,nenhum
-3.119,-60.0217,Manaus,2025-03-26 08:39:43,3.9900270387013026,51.095232776440625,1.6759862082295047,1014.9394781236991,5.373956029379229,onda_frio
-12.9714,-38.5014,Salvador,2025-04-07 16:55:56,19.380573312536924,50.0,12.817167601518552,1005.2212501206419,-3.923178223910501,nenhum
-8.0476,-34.877,Recife,2024-08-12 17:12:14,26.64541290351561,83.0,12.194857809027065,1016.8773628624446,12.358440525989204,nenhum
-12.9714,-38.5014,Salvador,2024-06-26 06:45:50,1.6551331742797382,50.6775832049319,1.557365855663787,1012.351178484136,7.804957075460877,onda_frio
-23.5505,-46.6333,São Paulo,2024-04-30 18:44:42,22.372386023432984,60.0,3.619822801179697,1009.3968388234841,9.81482043140441,nenhum
-8.0476,-34.877,Recife,2025-05-10 06:16:52,27.71779298153468,59.0,2.6775055726830344,1025.8667990162494,10.296092170072441,nenhum
-9.9747,-67.8243,Rio Branco,2024-02-17 06:35:02,23.041787875738837,95.0,71.99128088297078,989.87937456445,73.97547996197332,ciclone
-23.5505,-46.6333,São Paulo,2024-10-28 07:31:31,35.02593606171017,68.0,3.1939289664773196,1010.1320742082995,6.435771086614178,nenhum
-23.5505,-46.6333,São Paulo,2025-03-29 21:12:10,26.425720910767588,53.0,6.259852409301341,1025.1492386432699,19.748662978006145,nenhum
-8.0476,-34.877,Recife,2024-10-28 10:00:39,23.74493423150786,43.0,1.0040254310431276,995.1589735032006,2.9624415264108936,nenhum
-8.0476,-34.877,Recife,2025-02-24 03:47:51,22.8887332496365,73.0,2.6274478380362316,1017.6783919657373,16.357775474970794,nenhum
-3.7172,-38.5433,Fortaleza,2025-03-18 12:58:01,28.886688256172942,47.0,0.549680293006864,1007.3547411439139,7.377398668601131,nenhum
-25.4284,-49.2733,Curitiba,2024-04-12 22:49:34,27.957498244911672,72.0,4.067786147794232,1017.3098254253008,13.116997194581758,nenhum
-3.119,-60.0217,Manaus,2024-01-23 09:30:10,26.052002025980503,82.0,16.4370206136017,1013.3078431031273,1.533669126451052,nenhum
-3.7172,-38.5433,Fortaleza,2024-08-01 22:58:25,23.198934229625713,91.0,50.6500961755368,999.9906624837948,20.823434671313592,enchente
-3.7172,-38.5433,Fortaleza,2023-10-11 04:31:43,21.03399507620351,41.0,2.2553929125544947,1008.9184729547258,15.926051457554447,nenhum
-12.9714,-38.5014,Salvador,2025-02-11 23:19:10,23.319843225778612,48.0,2.86462697545556,1014.0550873360131,9.516434440648037,nenhum
-25.4284,-49.2733,Curitiba,2024-10-08 06:59:22,23.820323652764202,49.0,4.170980883783708,1014.9956805717603,9.900551352546048,nenhum
-30.0346,-51.2177,Porto Alegre,2024-01-26 10:58:17,27.33457412580239,71.0,2.7687830962930366,1023.7761976921654,13.361286422068861,nenhum
-9.9747,-67.8243,Rio Branco,2024-02-15 00:36:00,23.508581987594866,82.0,2.7383465874770483,1010.9092848299537,15.515126333888913,nenhum
-8.0476,-34.877,Recife,2023-10-14 00:14:14,30.60570149785893,45.0,12.284442638467786,1013.9792262754884,5.10813611192484,nenhum
-1.4558,-48.4902,Belém,2024-06-06 14:02:39,27.633011022857886,64.0,3.4404488938130346,1004.4870819788108,7.193165704521707,nenhum
-9.9747,-67.8243,Rio Branco,2024-09-16 15:57:35,27.256814931801802,61.0,0.7360403534369526,1021.1026672258294,17.852473176305693,nenhum
-3.119,-60.0217,Manaus,2024-02-15 17:39:39,21.984968433746516,84.0,9.10409714177193,1015.5514819479116,17.019487705991416,nenhum
-23.5505,-46.6333,São Paulo,2025-02-07 17:12:38,24.017970654122067,41.0,0.9093085252463616,1011.2599345685159,10.992791814481459,nenhum
-9.9747,-67.8243,Rio Branco,2024-06-16 09:22:01,20.262540131364617,60.0,9.072449005873231,1015.9051100493299,14.122076941287302,nenhum
-1.4558,-48.4902,Belém,2024-09-14 02:12:27,25.501544874626124,78.0,4.713233431293514,1012.3615207469461,12.775726443555605,nenhum
-3.7172,-38.5433,Fortaleza,2023-06-18 13:23:18,17.735639478274297,99.0,50.490561771993,989.3805301062972,83.8031172280102,ciclone
-30.0346,-51.2177,Porto Alegre,2023-06-19 05:10:59,25.978654116653345,84.0,0.8401536396117154,1009.7061558710932,7.5993870510185335,nenhum
-15.7939,-47.8828,Brasília,2024-08-20 10:07:24,35.19387544693933,48.0,0.39055252896123505,1012.8250575475151,18.85400317817755,nenhum
-3.7172,-38.5433,Fortaleza,2023-06-18 16:29:15,23.49213176884893,78.0,0.3948557161879477,1022.0622427899847,8.461071916600938,nenhum
-30.0346,-51.2177,Porto Alegre,2024-05-29 17:32:27,23.364406312095188,56.0,15.002453265613813,1006.403260554313,8.868773904956619,nenhum
-9.9747,-67.8243,Rio Branco,2023-09-02 17:41:54,30.2582747121068,47.0,5.093685618235078,1013.5980283444353,14.024015893669027,nenhum
-12.9714,-38.5014,Salvador,2023-12-11 00:10:56,29.721013383814164,55.0,9.458859940251397,1012.6491714427068,1.6951953324200435,nenhum
-23.5505,-46.6333,São Paulo,2024-01-16 07:20:16,27.718472876530342,62.0,4.057475920071192,1014.0384384358156,0.23756563494658778,nenhum
-3.7172,-38.5433,Fortaleza,2024-08-30 05:56:13,24.882003736799838,54.0,5.977052284464427,1015.2331986575854,8.933638120171043,nenhum
-3.7172,-38.5433,Fortaleza,2024-12-10 10:04:11,30.51627775014057,78.0,3.036165806734008,1012.597921131455,20.95533002779859,nenhum
-12.9714,-38.5014,Salvador,2024-11-09 04:03:40,27.360270522100926,53.0,4.535043201439034,1010.8275188628385,8.454139382656804,nenhum
-12.9714,-38.5014,Salvador,2024-01-06 10:09:52,26.88853508653485,79.0,2.9083167095770595,1010.6062568916826,17.22086539274484,nenhum
-23.5505,-46.6333,São Paulo,2023-06-09 12:43:44,18.381951712539315,43.0,7.820486666689938,1018.1592226973431,2.5721981348151406,nenhum
-23.5505,-46.6333,São Paulo,2024-06-24 21:00:08,25.534100531738517,91.0,51.220039077826904,1007.6688923868703,12.411419946377121,enchente
-25.4284,-49.2733,Curitiba,2025-03-23 00:26:35,30.261921500261405,71.0,13.484802802390337,1012.8786136005402,7.223880004356191,nenhum
-1.4558,-48.4902,Belém,2023-12-14 08:42:44,19.57836403526175,49.0,0.48089913229978914,1015.8392673688563,11.434869792269666,nenhum
-3.119,-60.0217,Manaus,2024-03-20 11:49:11,17.659129425738243,40.0,1.3641456002979715,1011.4981975595568,5.9760654166983755,nenhum
-23.5505,-46.6333,São Paulo,2024-07-18 19:49:57,21.975536427666015,76.0,0.21502390468673663,1007.7454402108591,0.3316084944621984,nenhum
-3.7172,-38.5433,Fortaleza,2023-07-31 11:54:21,22.58520833670725,97.0,56.22187786484282,1006.6892366219178,4.337363290413394,enchente
-25.4284,-49.2733,Curitiba,2024-02-20 07:42:32,26.663085515418565,91.0,58.35169730460376,1005.6228380646842,12.83226104106528,enchente
-25.4284,-49.2733,Curitiba,2023-06-19 02:07:11,27.969805056032598,84.0,0.6410920124137369,1012.3589423695245,7.49430016360715,nenhum
-9.9747,-67.8243,Rio Branco,2024-05-30 08:07:37,27.87425397348609,62.0,10.761604850130002,1015.5409488874607,8.133003658117152,nenhum
-30.0346,-51.2177,Porto Alegre,2023-08-19 17:22:42,21.3057191719515,57.0,5.953977012106687,1014.718092947676,8.117236744888672,nenhum
-12.9714,-38.5014,Salvador,2025-02-14 07:20:04,23.179157054680875,64.0,4.493972620934595,1009.4818996853678,5.799449607083308,nenhum
-3.7172,-38.5433,Fortaleza,2024-07-07 10:01:11,26.658791309748562,80.0,2.481079060851736,1012.0950463053014,1.190681289801308,nenhum
-1.4558,-48.4902,Belém,2024-03-08 10:41:30,25.72390994001509,64.0,4.002073907849494,1012.0621066786488,9.115263862529753,nenhum
-12.9714,-38.5014,Salvador,2024-05-08 12:47:55,22.806811021846187,54.0,0.02547548906063376,1011.8227163889766,10.510644604355168,nenhum
-1.4558,-48.4902,Belém,2024-08-12 18:19:00,5.326025194007621,69.242439451841,0.5473443002722694,1024.5374738420862,5.713189419195741,onda_frio
-23.5505,-46.6333,São Paulo,2025-06-04 00:27:40,26.1435781990708,79.0,5.666269489614255,1004.8030186616797,12.312742763237702,nenhum
-8.0476,-34.877,Recife,2024-11-28 02:44:51,26.960090950740184,79.0,1.4070789484102453,1014.5277716018863,8.66881233919271,nenhum
-8.0476,-34.877,Recife,2023-07-25 21:10:44,24.92545576645079,52.0,9.070434253104661,1018.3333734479457,15.846477952228364,nenhum
-3.119,-60.0217,Manaus,2025-04-04 03:06:47,31.52863596415011,46.0,10.670001135464497,1016.2435494379482,9.791892533537425,nenhum
-30.0346,-51.2177,Porto Alegre,2025-03-10 01:43:39,28.224226591315425,70.0,8.738236881376569,1011.1483831570135,5.832205063603666,nenhum
-3.119,-60.0217,Manaus,2025-03-17 10:19:56,23.241838715678536,75.0,4.06170056747006,1015.4747775878076,5.946120400535075,nenhum
-12.9714,-38.5014,Salvador,2023-09-14 21:55:27,29.449052099187515,41.0,1.6916367135592756,1013.9554953400996,10.232182740780743,nenhum
-3.7172,-38.5433,Fortaleza,2023-08-22 19:13:19,25.79088116210001,96.2990179053208,163.40057030996113,1006.4854012365522,11.604709582404375,chuva_torrencial
-1.4558,-48.4902,Belém,2024-02-23 17:56:21,26.85452169771404,69.0,0.0929981215375588,1018.9319370610765,8.818235830378203,nenhum
-15.7939,-47.8828,Brasília,2024-09-03 15:08:07,21.258319981278756,76.0,0.5407649883263731,1011.0055375387323,10.87772914945254,nenhum
-30.0346,-51.2177,Porto Alegre,2025-03-28 01:02:36,27.634049393509706,43.0,1.790262082141199,1011.1852136051565,10.87319634683914,nenhum
-3.119,-60.0217,Manaus,2023-06-12 14:45:04,18.760164396077176,65.0,0.3881561842279623,1017.8250748053161,7.067259557393284,nenhum
-3.119,-60.0217,Manaus,2023-08-24 22:05:41,37.18058914721526,10.943958592285453,0.0,1022.6432183538351,10.754183906084327,seca
-12.9714,-38.5014,Salvador,2025-01-01 00:31:50,30.54641908681824,50.0,5.748928634454095,1010.7151633821129,1.495032240306232,nenhum
-3.7172,-38.5433,Fortaleza,2025-05-29 04:34:55,24.37402849321495,68.0,14.439201968722315,1019.4932986708217,10.538399348633025,nenhum
-12.9714,-38.5014,Salvador,2025-02-07 01:43:19,29.336342874433214,53.0,1.307172423937386,1010.5264831554111,12.154201221668743,nenhum
-8.0476,-34.877,Recife,2023-10-20 01:50:43,26.97323065651346,76.0,5.087825088650514,1005.3723741453763,6.540459650593778,nenhum
-25.4284,-49.2733,Curitiba,2023-07-24 11:39:26,25.81765593457801,77.0,1.3065290624194523,1014.2166972466134,3.74230287904778,nenhum
-3.119,-60.0217,Manaus,2023-11-04 01:52:28,31.77505841629304,54.0,3.1888694743137362,1006.9212331291637,10.771236568670341,nenhum
-8.0476,-34.877,Recife,2024-08-03 04:01:16,24.682689008262827,91.0,88.05119954714993,1001.4400754479049,7.278156112284737,enchente
-23.5505,-46.6333,São Paulo,2025-01-27 09:04:45,25.646491525817957,94.0,95.59180174799556,1009.9143382486429,19.505194200022302,enchente
-1.4558,-48.4902,Belém,2023-12-04 13:05:15,2.475399556033752,61.16825345166396,1.1277007122186773,1022.2232759283348,3.2592546395207487,onda_frio
-8.0476,-34.877,Recife,2024-08-12 02:13:16,22.01857854430393,41.0,7.986536450159809,1010.7690828339261,0.552296345272346,nenhum
-30.0346,-51.2177,Porto Alegre,2025-01-26 08:34:03,22.069723239448603,95.36223443897279,139.24935564066848,1009.416838386818,14.374938680639548,chuva_torrencial
-8.0476,-34.877,Recife,2023-12-01 20:22:54,24.01653528797086,84.0,7.074688825123028,1017.6992405176485,14.230067723356344,nenhum
-9.9747,-67.8243,Rio Branco,2023-08-10 10:25:56,24.706575150855166,61.0,1.1808246884112914,1013.2380177590718,15.917071247695933,nenhum
-8.0476,-34.877,Recife,2025-04-01 03:02:27,21.017878255228595,86.0,53.058452329759675,985.618406660129,74.02507724836723,ciclone
-25.4284,-49.2733,Curitiba,2023-10-09 16:15:26,26.150640932671752,72.0,8.700981392888652,1006.0731406716513,4.463402433268442,nenhum
-25.4284,-49.2733,Curitiba,2024-10-13 16:02:04,29.67721147883102,81.0,0.9165056756753848,1015.762620426292,11.377552811741266,nenhum
-9.9747,-67.8243,Rio Branco,2023-07-08 17:47:48,22.80581873757527,42.0,11.327472787460467,1021.5084810426673,16.915725004361374,nenhum
-3.119,-60.0217,Manaus,2024-08-11 20:43:24,19.865005097160655,51.0,10.238517762273805,1017.305638344793,14.475966100138661,nenhum
-12.9714,-38.5014,Salvador,2025-05-21 16:16:32,28.540687206727878,46.0,5.406123439235459,1023.7794245441223,15.861196233791969,nenhum
-25.4284,-49.2733,Curitiba,2025-05-23 10:14:28,25.59670803925917,80.0,0.8956302253583395,1020.4928241943254,18.428241507095827,nenhum
-15.7939,-47.8828,Brasília,2024-05-25 02:56:49,24.158818223224614,51.0,1.4191357876995818,1007.8421187656492,7.353508812268901,nenhum
-1.4558,-48.4902,Belém,2024-02-06 21:55:34,28.474746191391624,83.0,4.052491495578103,1018.6466221876975,5.333932961772011,nenhum
-8.0476,-34.877,Recife,2024-11-23 07:26:45,29.013303041508966,71.0,3.9096584873785463,1008.7831342273031,9.932252259762702,nenhum
-15.7939,-47.8828,Brasília,2024-01-31 08:56:06,40.82282952786682,13.30841687383485,0.0,1003.9659437242682,13.404524062769335,onda_calor
-25.4284,-49.2733,Curitiba,2024-02-10 10:31:22,24.519317477786437,69.0,16.1929125984198,1018.6562639519886,8.626262524127913,nenhum
-3.7172,-38.5433,Fortaleza,2025-01-09 05:45:22,6.287648182059451,64.70700597331505,3.8386194403339013,1035.5243371423337,5.1399586780872495,onda_frio
-15.7939,-47.8828,Brasília,2024-09-15 13:37:11,27.389610546569315,80.0,2.886745405173298,1012.4730403728133,18.904146064833213,nenhum
-30.0346,-51.2177,Porto Alegre,2025-03-19 01:24:52,19.468190877832065,51.0,2.4213010807152453,1010.1361578772573,16.23163442898727,nenhum
-30.0346,-51.2177,Porto Alegre,2024-01-21 13:34:24,24.746377004193956,90.0,56.57838425636299,1006.4820905588482,13.303368829119535,enchente
-15.7939,-47.8828,Brasília,2025-03-12 01:09:10,23.79877938461832,53.0,3.5935066742135184,1009.6418831603097,6.48151253983697,nenhum
-3.119,-60.0217,Manaus,2025-03-02 10:15:18,25.43184589290245,80.0,1.4199848499718524,1012.2163480088874,15.3120075493756,nenhum
-30.0346,-51.2177,Porto Alegre,2025-05-01 22:10:43,17.06229423074319,41.0,0.5005466805240569,1014.1759991442735,3.3746176453197645,nenhum
-3.7172,-38.5433,Fortaleza,2023-09-10 17:49:51,24.394275676822666,99.28993126961353,100.90304041295502,1005.2191564770094,18.82618950010908,chuva_torrencial
-25.4284,-49.2733,Curitiba,2025-02-04 12:58:20,19.526168665278895,62.0,3.023754610823689,1020.7300207380007,10.384109455301276,nenhum
-9.9747,-67.8243,Rio Branco,2024-06-13 00:08:24,20.86803110324572,49.0,5.5340853015922065,1012.182663316489,4.274112879823097,nenhum
-12.9714,-38.5014,Salvador,2023-11-02 00:41:14,28.35105194113499,59.0,2.3850090165982625,1013.5757589951229,1.816375043503296,nenhum
-15.7939,-47.8828,Brasília,2023-12-24 09:13:50,36.26809540239756,12.817903298450293,0.0,1019.8227658403257,15.580783911683053,seca
-23.5505,-46.6333,São Paulo,2023-10-06 21:27:42,30.379134846559655,45.0,1.1523592518528678,1012.1939576571507,8.365596101601742,nenhum
-3.119,-60.0217,Manaus,2025-02-18 04:09:46,23.79620754213829,41.0,0.6560750078242497,1006.8132917727647,13.146244859467924,nenhum
-23.5505,-46.6333,São Paulo,2025-05-11 20:08:19,26.76375100309326,51.0,0.8028582566820947,1008.527183837931,14.581638373512408,nenhum
-1.4558,-48.4902,Belém,2025-05-16 19:45:41,27.38595390359197,70.0,1.4666538477032494,1002.392220293056,11.464967637259779,nenhum
-23.5505,-46.6333,São Paulo,2023-11-24 22:55:20,21.737745100539897,84.0,0.7747521095750982,1013.4590288729033,10.319281506670714,nenhum
-9.9747,-67.8243,Rio Branco,2024-03-07 17:52:13,26.48235973556284,47.0,17.51815195114605,1014.3828457629746,6.7464323132745525,nenhum
-30.0346,-51.2177,Porto Alegre,2024-07-01 03:02:36,30.29234938164125,61.0,1.4739129392840133,1012.1801956019904,9.48577918431965,nenhum
-15.7939,-47.8828,Brasília,2024-12-06 14:02:58,25.892822613457344,57.0,4.8096742777547075,1014.0054952335748,15.253271980038061,nenhum
-8.0476,-34.877,Recife,2023-12-08 23:03:54,30.422103731831935,58.0,14.140537295238246,1018.9351515278018,12.529699182668619,nenhum
-12.9714,-38.5014,Salvador,2024-10-07 01:32:27,29.961413644150028,80.0,0.5635653439134802,1018.0257128663901,8.738099782677752,nenhum
-12.9714,-38.5014,Salvador,2024-03-24 10:23:02,27.362400076399435,80.0,0.577669512949689,1020.1759077459502,16.115950527133293,nenhum
-3.7172,-38.5433,Fortaleza,2024-01-05 10:11:20,28.776933641943934,43.0,5.506981585861535,1015.9870003492493,13.505863711554492,nenhum
-30.0346,-51.2177,Porto Alegre,2023-10-24 15:38:32,24.80974598656003,50.0,2.3553990556627373,1019.8785340665581,14.897964754204327,nenhum
-9.9747,-67.8243,Rio Branco,2023-09-20 13:44:30,20.660784647124093,60.0,1.9621459547159392,1006.6098870828181,1.781296422059711,nenhum
-3.7172,-38.5433,Fortaleza,2024-10-03 03:04:56,22.459346004000608,64.0,4.537713971811074,1020.7628090774482,-0.7561480893533474,nenhum
-3.119,-60.0217,Manaus,2025-02-09 15:22:17,33.07319323358709,77.0,0.3800654412769361,1021.2100758006818,15.049085446713171,nenhum
-12.9714,-38.5014,Salvador,2023-09-08 15:09:25,23.247398619289104,42.0,3.908402193077336,1024.2621790267215,1.8466331629236787,nenhum
-15.7939,-47.8828,Brasília,2024-03-12 16:34:19,26.683883886272877,75.0,4.681256791374099,1016.3998653775838,12.877343337472151,nenhum
-25.4284,-49.2733,Curitiba,2023-06-25 19:45:04,24.989257247996143,50.0,2.3907799193492414,1014.9604226485044,9.515570851924627,nenhum
-1.4558,-48.4902,Belém,2025-05-04 03:28:43,20.36195473010722,58.0,0.5347023069596843,1004.535215929023,9.508301866026251,nenhum
-9.9747,-67.8243,Rio Branco,2024-08-06 11:27:16,23.709237411771536,96.53644982463143,180.30258978326634,996.2636905167454,19.155006749663777,chuva_torrencial
-3.119,-60.0217,Manaus,2025-02-23 14:12:32,27.58735466339522,57.0,2.5533382379257246,1007.7068032530146,10.315827296535868,nenhum
-15.7939,-47.8828,Brasília,2023-06-29 04:23:38,27.317263140607103,70.0,6.172954997198428,1014.9741287220385,10.802381034994228,nenhum
-23.5505,-46.6333,São Paulo,2024-07-13 15:14:09,22.25108780466471,81.0,12.490110766381976,1008.8868929225545,9.248290387095482,nenhum
-30.0346,-51.2177,Porto Alegre,2025-03-16 00:16:38,24.153481638974156,84.0,5.0140299178717616,1018.7616630437075,10.61148751516142,nenhum
-8.0476,-34.877,Recife,2023-06-21 05:04:20,28.17319211614555,60.0,10.779732650770166,1009.4900415609662,6.68549541224526,nenhum
-30.0346,-51.2177,Porto Alegre,2024-07-02 10:57:10,36.887847910807935,9.110284698067048,0.0,1010.0245470584349,16.70788272865793,seca
-3.7172,-38.5433,Fortaleza,2024-11-08 05:17:32,23.22837920881637,63.0,8.647144627595175,1022.0978652334933,5.859030093671182,nenhum
-25.4284,-49.2733,Curitiba,2024-03-12 04:05:07,26.957909846823586,72.0,2.75775905980706,1009.089911815462,7.764267688080435,nenhum
-3.119,-60.0217,Manaus,2023-12-06 10:45:02,23.6557715925175,83.0,9.931471316059389,1012.0735617056115,9.350896501332869,nenhum
-23.5505,-46.6333,São Paulo,2025-03-05 07:35:06,26.17524588791644,67.0,1.1545315467750648,1012.2649899918575,3.367896565705034,nenhum
-3.7172,-38.5433,Fortaleza,2024-01-07 04:21:53,29.01080859429051,52.0,4.51288023769661,1014.5719174702742,9.98958101289908,nenhum
-8.0476,-34.877,Recife,2025-03-13 21:10:18,27.658167257519153,42.0,2.923410147385877,1009.1384798733676,18.542731848834432,nenhum
-1.4558,-48.4902,Belém,2024-09-02 07:11:54,24.349901389931418,50.0,23.69693403932185,1015.8449153959264,18.141983115642688,nenhum
-12.9714,-38.5014,Salvador,2025-04-27 05:07:20,24.483489036050052,79.0,5.182271333564202,1011.9820981994882,1.8424958930791764,nenhum
-1.4558,-48.4902,Belém,2024-10-20 03:50:01,32.32381717961281,72.0,1.2851591504781665,1010.0671796021865,9.012323871515159,nenhum
-25.4284,-49.2733,Curitiba,2023-10-18 23:15:22,22.963838211165406,44.0,0.3624857664550684,1013.1672938549615,3.2731577388225066,nenhum
-1.4558,-48.4902,Belém,2024-08-07 12:04:38,29.296059322393408,47.0,5.261660202051321,1003.0313217871427,11.87028284923786,nenhum
-23.5505,-46.6333,São Paulo,2023-09-20 18:25:28,30.91067596989317,62.0,2.3779071694653324,1006.951794906544,0.24440762575571462,nenhum
-3.7172,-38.5433,Fortaleza,2025-03-28 13:54:49,36.6438000537334,5.887673941077685,0.0,1012.4842844352453,19.4249860393222,seca
-8.0476,-34.877,Recife,2024-07-25 10:51:17,31.244840921569597,55.0,2.63374069276518,1016.4720315947269,16.245703208455595,nenhum
-3.119,-60.0217,Manaus,2025-06-03 09:15:11,24.799624155050463,51.0,2.1352688074272708,1018.4565506029713,13.045690604535885,nenhum
-1.4558,-48.4902,Belém,2024-11-17 21:20:30,21.630748941309683,44.0,6.681433739469011,1011.417957751526,6.233508878307212,nenhum
-25.4284,-49.2733,Curitiba,2025-03-03 19:43:59,29.1572624474184,69.0,3.679834776491431,1009.2541037968543,11.126713768445336,nenhum
-3.7172,-38.5433,Fortaleza,2024-09-23 15:50:32,23.890122705544574,55.0,3.5345921706366394,1014.8083829271183,8.545969599279811,nenhum
-1.4558,-48.4902,Belém,2025-05-30 04:20:18,24.368707655725824,84.0,2.232501310097585,1003.8189731344835,12.539956634562719,nenhum
-8.0476,-34.877,Recife,2023-10-13 17:51:57,22.793266787652254,93.0,93.66683308619238,998.5413282211425,14.24505481709468,enchente
-12.9714,-38.5014,Salvador,2024-08-28 11:15:56,42.02211167622437,18.49863043257128,0.0,1006.4084771311856,8.910427630581744,onda_calor
-23.5505,-46.6333,São Paulo,2023-07-30 00:46:34,15.939846189859972,77.0,8.503647870053628,1013.1410135576097,14.595382414938843,nenhum
-30.0346,-51.2177,Porto Alegre,2025-04-15 09:09:56,24.838901823245394,69.0,6.390287143507564,1011.1930711640908,7.74949433154888,nenhum
-3.7172,-38.5433,Fortaleza,2024-09-03 20:14:00,23.81495931587641,74.0,0.9529251168332877,1017.9053432683735,4.817120418218513,nenhum
-30.0346,-51.2177,Porto Alegre,2024-11-25 02:15:05,31.25227406235486,59.0,4.255341468589158,1013.6161513645733,13.547309087149277,nenhum
-30.0346,-51.2177,Porto Alegre,2024-07-15 02:12:15,18.12341085610581,70.0,3.3380007027412466,1011.9087441812858,16.951037745086566,nenhum
-3.7172,-38.5433,Fortaleza,2025-04-01 17:08:07,28.231241225407448,42.0,15.266545032169855,1015.5513950526604,14.98906359132014,nenhum
-23.5505,-46.6333,São Paulo,2024-12-06 22:15:54,25.757917910774765,43.0,0.7260901616428179,1007.7415255595015,10.283249624485535,nenhum
-12.9714,-38.5014,Salvador,2024-11-16 11:44:45,28.118771017426923,71.0,0.6507430441844257,1016.2875980374794,10.710254721623047,nenhum
-9.9747,-67.8243,Rio Branco,2024-05-31 17:56:48,24.50469042380227,45.0,0.0016628070645326948,1016.1631064989214,10.245267046371785,nenhum
-3.119,-60.0217,Manaus,2024-07-11 16:43:26,3.647982191445295,57.729216823182945,2.8222054533944125,1018.8464979340226,1.9178245559186058,onda_frio
-30.0346,-51.2177,Porto Alegre,2023-11-13 18:10:42,25.683685009574592,70.0,5.9377950675007565,1005.5985795089626,6.932986682295301,nenhum
-9.9747,-67.8243,Rio Branco,2023-12-25 20:03:52,24.790121254047488,55.0,5.882080924757292,1020.6058606888237,16.741400329631993,nenhum
-25.4284,-49.2733,Curitiba,2023-07-26 16:57:34,23.067975746893435,68.0,4.889445714095118,1009.2835499851751,-2.7696056745097746,nenhum
-3.7172,-38.5433,Fortaleza,2025-05-27 06:20:23,29.737279644957095,76.0,10.884355299060237,1006.1656065079229,8.876172990536583,nenhum
-23.5505,-46.6333,São Paulo,2023-12-11 05:29:44,21.31954789576256,53.0,0.9733098075692332,1003.9900978120999,12.09103306377268,nenhum
-1.4558,-48.4902,Belém,2024-11-21 15:16:14,25.592737031881722,41.0,0.718218818126195,1019.8472048821205,8.079839110599297,nenhum
-1.4558,-48.4902,Belém,2025-04-03 19:32:29,32.99696648817411,78.0,4.824099683708484,1016.9700853677057,14.676190806998134,nenhum
-8.0476,-34.877,Recife,2025-02-11 23:20:24,24.024917689006003,84.0,18.62227511571439,1008.029468834789,9.84530501422188,nenhum
-23.5505,-46.6333,São Paulo,2023-09-09 14:59:56,18.15936796682467,65.0,0.6802428628267022,1023.3027930830802,8.052016965706038,nenhum
-15.7939,-47.8828,Brasília,2024-07-15 07:25:04,28.215333327126185,57.0,3.2314909664580886,1006.1404942853433,1.9321930106162952,nenhum
-30.0346,-51.2177,Porto Alegre,2024-06-26 18:36:15,31.884681309974432,52.0,0.7144178218804793,1011.9533816142407,11.45724961605903,nenhum
-8.0476,-34.877,Recife,2024-07-26 13:18:15,23.077272144784878,80.0,5.825919673405102,1005.0043175677649,7.966384584767081,nenhum
-8.0476,-34.877,Recife,2023-09-25 13:03:15,25.64662936396362,50.0,3.420462525322484,1017.6067480149325,5.2563908853943735,nenhum
-3.119,-60.0217,Manaus,2023-07-23 00:21:38,2.2696469436536413,67.78781832257688,2.2530982836487894,1009.1907726912368,8.824594404560997,onda_frio
-8.0476,-34.877,Recife,2025-02-18 07:11:15,23.791321856873378,97.0,54.23960080229016,1004.7725478125453,10.173392243439457,enchente
-30.0346,-51.2177,Porto Alegre,2023-09-01 09:14:24,26.738721223459635,63.0,0.5567114875466499,1013.0501165112113,7.287005177844619,nenhum
-9.9747,-67.8243,Rio Branco,2024-05-04 12:00:18,22.923539106230443,75.0,2.1516322533344003,1001.6405704178703,13.401326896477402,nenhum
-30.0346,-51.2177,Porto Alegre,2023-10-13 23:49:48,30.63125936809604,67.0,2.1912951966888743,1019.2201697406744,-1.0158023041293092,nenhum
-23.5505,-46.6333,São Paulo,2023-11-19 01:37:18,43.81374119483388,11.030692487774017,0.0,1005.6061215667756,10.146575865735116,onda_calor
-1.4558,-48.4902,Belém,2024-08-12 09:28:18,25.42107739485712,56.0,1.7509428265181268,1016.0356555039181,16.555794431590527,nenhum
-25.4284,-49.2733,Curitiba,2024-03-05 21:06:53,20.989643950538017,75.0,4.772728142397403,1010.4876875654469,13.208437185773247,nenhum
-9.9747,-67.8243,Rio Branco,2024-01-14 20:50:18,30.898508348905327,49.0,8.015147244221799,1020.2780934504055,18.996357875094997,nenhum
-1.4558,-48.4902,Belém,2023-09-17 05:06:26,28.983205004241615,73.0,0.6853783099019248,1015.9671458659681,12.78410420387499,nenhum
-1.4558,-48.4902,Belém,2024-02-12 21:37:27,25.15851936575582,48.0,2.3274055470633983,1004.3113512247436,0.26058243339418574,nenhum
-15.7939,-47.8828,Brasília,2024-11-29 23:39:54,28.317770291469046,69.0,13.17754545971308,1013.7384966261338,9.770596090095406,nenhum
-23.5505,-46.6333,São Paulo,2025-05-22 07:33:49,34.171938101405026,60.0,1.683708889395092,1014.5206308533491,11.329492399069242,nenhum
-8.0476,-34.877,Recife,2023-08-05 05:30:24,29.35025081343349,60.0,19.174679953865606,1008.9317732197017,11.86247854895,nenhum
-3.119,-60.0217,Manaus,2025-05-14 07:15:41,32.396489340597505,62.0,5.337920953421046,1013.9051077935185,3.5158402602207675,nenhum
-30.0346,-51.2177,Porto Alegre,2025-05-27 07:45:03,27.598751807010565,66.0,16.780605115268422,1009.7432155310408,4.0195138408781,nenhum
-9.9747,-67.8243,Rio Branco,2024-06-29 06:26:40,25.8410443807753,83.0,6.598818093235882,1024.502050427235,15.37716531552519,nenhum
-30.0346,-51.2177,Porto Alegre,2024-05-08 02:06:01,18.40329444833813,58.0,0.8218347778072013,1013.3921469950932,10.81334999498766,nenhum
-1.4558,-48.4902,Belém,2023-08-11 05:23:12,8.77138441511404,58.67601024509543,0.804240869788731,1015.7184671527842,5.58042325148967,onda_frio
-9.9747,-67.8243,Rio Branco,2024-01-13 16:32:13,28.38657533413485,42.0,24.024177204430693,1016.847657345255,8.954883713569874,nenhum
-25.4284,-49.2733,Curitiba,2023-11-10 00:22:57,22.5979181831628,81.0,5.358298662443914,1018.4995247545894,5.709472276159032,nenhum
-25.4284,-49.2733,Curitiba,2024-04-08 21:19:16,27.732482138708775,41.0,2.1955068526149537,1018.9352205585949,11.389915323713542,nenhum
-8.0476,-34.877,Recife,2024-04-20 22:53:06,31.81924257996697,61.0,9.420946114543753,1014.5624584012857,11.59666594846693,nenhum
-15.7939,-47.8828,Brasília,2024-12-19 05:43:56,29.09533097456912,55.0,0.8060580416755946,1018.6108751440084,13.611906789138857,nenhum
-15.7939,-47.8828,Brasília,2023-08-25 18:08:37,24.508667391632933,76.0,0.6660232695408157,1020.818678080249,3.7487675093984034,nenhum
-3.7172,-38.5433,Fortaleza,2025-04-18 05:56:42,23.29009737201135,65.0,2.4840029972796573,1016.3587364553864,18.40546157465244,nenhum
-30.0346,-51.2177,Porto Alegre,2024-01-25 09:04:05,22.996377800879543,60.0,0.1475116279532641,1011.0300931834879,7.940869228405401,nenhum
-12.9714,-38.5014,Salvador,2024-08-01 18:42:01,20.221770225900812,46.0,3.278995809468057,1004.6936025336112,7.1787620067130575,nenhum
-3.119,-60.0217,Manaus,2025-03-19 16:07:19,26.73820521278815,55.0,1.2772927301325863,1011.7790008240379,10.554105475669015,nenhum
-9.9747,-67.8243,Rio Branco,2025-02-21 15:05:07,36.049630306313276,58.0,1.5723259306312465,1011.3057016495032,9.964786005376322,nenhum
-9.9747,-67.8243,Rio Branco,2023-10-23 04:05:14,0.7705827913433116,51.17101858487958,1.6711915934803039,1026.5620431087132,7.8489697711146755,onda_frio
-12.9714,-38.5014,Salvador,2024-08-20 16:52:43,29.791303211348865,58.0,2.900869559489516,1016.4101722502196,7.841021056798969,nenhum
-23.5505,-46.6333,São Paulo,2023-11-08 06:54:47,22.455830182673306,72.0,0.46386935801280865,1015.4002979004334,3.1726898890390984,nenhum
-25.4284,-49.2733,Curitiba,2023-09-06 20:00:08,23.56954350863739,85.0,65.50213057880919,992.8837903309653,79.84665536452877,ciclone
-12.9714,-38.5014,Salvador,2025-02-02 11:52:06,28.18048699035573,53.0,6.8761705143410214,1008.2829224249581,11.518901547452527,nenhum
-1.4558,-48.4902,Belém,2025-03-16 09:03:57,20.493233837447672,49.0,2.0361680204431747,1010.3611156787703,13.85719495957912,nenhum
-9.9747,-67.8243,Rio Branco,2025-01-06 05:33:57,18.416140634770844,58.0,1.5007760910029715,1013.8514918108119,15.164819735764029,nenhum
-3.7172,-38.5433,Fortaleza,2024-10-07 03:54:29,25.220219166284167,68.0,3.097001065632197,999.4294634975446,6.002508334182567,nenhum
-12.9714,-38.5014,Salvador,2024-11-22 22:15:00,26.62551249167311,65.0,0.42017821036661684,1014.6598586697675,9.862425474746818,nenhum
-15.7939,-47.8828,Brasília,2024-06-11 19:27:00,35.49480562092144,12.295082286523968,0.0,1022.089006386679,16.482693484866644,seca
-8.0476,-34.877,Recife,2025-04-21 00:58:03,27.419113928680797,70.0,12.795332254404348,1007.5106882082539,8.40496166623588,nenhum
-15.7939,-47.8828,Brasília,2024-09-02 13:25:19,25.926732562228594,63.0,0.29373513412418734,1008.1181236435831,5.537720803215482,nenhum
-12.9714,-38.5014,Salvador,2024-09-28 13:05:15,27.420089817686065,49.0,1.5869258782709739,1011.8944345235575,8.48084576006892,nenhum
-30.0346,-51.2177,Porto Alegre,2023-07-06 21:19:26,32.27241917887284,52.0,1.5608235061041662,1013.8695804191689,9.153745579718468,nenhum
-23.5505,-46.6333,São Paulo,2024-05-03 15:22:54,26.516259192960675,82.0,0.7497289952322251,1010.5550925628542,-2.1212013013647084,nenhum
-3.119,-60.0217,Manaus,2024-04-02 21:35:23,29.536181585444197,46.0,0.4519468933421795,1016.934847827775,5.544334956992568,nenhum
-3.119,-60.0217,Manaus,2025-04-11 07:24:35,21.74756385340214,46.0,2.4998228173415344,1013.6904357656681,12.43679901595192,nenhum
-23.5505,-46.6333,São Paulo,2024-10-12 05:16:36,28.221517390532874,53.0,6.561892815365702,1007.4480024135199,12.835277586940515,nenhum
-25.4284,-49.2733,Curitiba,2024-03-25 22:22:01,20.66737075738538,64.0,14.690713050012787,1025.0739549932932,5.8844096932596015,nenhum
-15.7939,-47.8828,Brasília,2024-07-18 21:53:09,25.34328235351798,61.0,4.1188174255839725,1007.920890905108,10.308399249239859,nenhum
-3.119,-60.0217,Manaus,2024-02-15 02:46:07,27.16083816009661,98.61407151604242,106.76683619000016,1003.1384461714965,11.225880186201675,chuva_torrencial
-9.9747,-67.8243,Rio Branco,2024-09-30 17:43:20,33.24601925037407,45.0,9.383931548284787,1007.5232721807154,8.911345077557764,nenhum
-23.5505,-46.6333,São Paulo,2023-09-29 14:38:54,21.502829623176677,49.0,3.1022311983444286,1016.2509519036538,18.849312103384833,nenhum
-8.0476,-34.877,Recife,2024-09-04 23:11:04,21.86250868830561,61.0,1.7165910028876676,1011.4887516203923,11.117555531645824,nenhum
-3.119,-60.0217,Manaus,2024-06-23 20:31:17,26.289510345124135,71.0,1.4962154537418513,1012.8909733095908,7.586282389089838,nenhum
-12.9714,-38.5014,Salvador,2023-07-26 08:22:27,43.29726053982044,17.79078789255906,0.0,1005.1400141752239,7.048812741507126,onda_calor
-30.0346,-51.2177,Porto Alegre,2023-10-26 18:56:58,24.558106383181617,80.0,4.106974307317302,1015.5570775046498,11.836161497111068,nenhum
-1.4558,-48.4902,Belém,2024-03-12 21:51:09,32.35217662427833,41.0,0.33713793909555256,1017.4155488857358,9.61081401493599,nenhum
-15.7939,-47.8828,Brasília,2023-09-25 06:37:34,24.63904017281875,95.0,68.59663339584324,1014.5793227035346,0.9798121237438,enchente
-8.0476,-34.877,Recife,2024-08-20 09:14:03,21.850186397145016,82.0,7.471889591691858,1003.8461577580257,11.003259019778435,nenhum
-3.119,-60.0217,Manaus,2023-07-20 18:04:02,27.45028326010594,60.0,1.8723699267944427,1019.8421097723634,4.291179537421,nenhum
-23.5505,-46.6333,São Paulo,2023-10-22 11:08:36,28.142309787553717,79.0,3.671830886579494,1023.0991894582713,0.8480443404542601,nenhum
-3.119,-60.0217,Manaus,2025-04-05 20:20:06,27.52031483376709,84.0,11.829928230155833,1007.4069033278322,8.326123339467296,nenhum
-23.5505,-46.6333,São Paulo,2025-03-03 02:16:27,24.385406147032015,47.0,11.221095570920664,1008.2243871032532,12.117995327967305,nenhum
-1.4558,-48.4902,Belém,2024-11-01 01:06:52,29.187574757729436,90.0,74.27495744300376,984.6623354287286,64.70575952637301,ciclone
-8.0476,-34.877,Recife,2024-11-25 05:50:26,20.421979148902068,85.0,56.71043917100398,995.7119257198706,99.3644127614599,ciclone
-3.119,-60.0217,Manaus,2024-04-14 00:45:41,30.594933931717755,43.0,29.177703626837737,1020.1617101560876,11.949434097361976,nenhum
-12.9714,-38.5014,Salvador,2025-02-22 12:27:53,22.9105208627428,42.0,3.7475255732925157,1015.8981658660679,11.628981582910832,nenhum
-15.7939,-47.8828,Brasília,2023-10-01 03:22:19,26.777537206309344,67.0,9.765879262842791,1011.2341685359465,10.842304881348072,nenhum
-3.7172,-38.5433,Fortaleza,2024-05-21 23:55:31,31.27039014243184,58.0,7.126889548787613,1006.3603174311578,15.415892985281282,nenhum
-23.5505,-46.6333,São Paulo,2024-12-26 21:46:40,28.947031021764353,51.0,2.0414057023216685,1010.1651951222337,12.729085872810076,nenhum
-15.7939,-47.8828,Brasília,2024-07-31 23:08:09,22.640476413957057,65.0,0.5303453804904421,1010.1735761180046,7.946456704487916,nenhum
-12.9714,-38.5014,Salvador,2024-09-19 12:13:33,23.34914491254828,50.0,5.2655316276775075,1002.8516306613021,2.407755280176299,nenhum
-9.9747,-67.8243,Rio Branco,2024-04-07 16:37:06,30.975411730345257,44.0,8.204536629504611,1010.6149881004352,13.332251583566945,nenhum
-3.7172,-38.5433,Fortaleza,2024-06-16 16:23:42,24.729707204705047,67.0,5.723325362246636,1009.6226927757211,12.347795846764637,nenhum
-1.4558,-48.4902,Belém,2025-03-22 08:41:33,21.973756035648393,40.0,9.07128706056416,1017.3564864872862,3.2701015987662574,nenhum
-12.9714,-38.5014,Salvador,2023-09-16 18:05:43,26.164903441058986,97.56327376572527,130.53106766967312,1005.0860478320892,24.07457227672724,chuva_torrencial
-9.9747,-67.8243,Rio Branco,2024-04-11 05:58:32,20.733004612711774,51.0,1.324798604921592,1014.4110382144497,13.732800478405348,nenhum
-9.9747,-67.8243,Rio Branco,2025-01-18 20:43:34,24.482680320646686,77.0,1.2856374904785541,1007.3066603076454,5.24074762662688,nenhum
-15.7939,-47.8828,Brasília,2023-09-21 07:27:45,24.78553317876897,58.0,18.818085801761693,1012.0623293997256,5.287173042784672,nenhum
-3.7172,-38.5433,Fortaleza,2023-11-02 23:57:16,25.112556384818774,58.0,18.01834101210615,1015.1084223413222,12.704346112406732,nenhum
-8.0476,-34.877,Recife,2024-03-15 03:40:52,29.539004219053254,67.0,0.09085323207082231,1017.4433137677548,7.366222836725047,nenhum
-15.7939,-47.8828,Brasília,2023-09-04 09:35:05,28.637522344747808,53.0,1.2323371455939713,1011.0676164137401,1.498975627259668,nenhum
-23.5505,-46.6333,São Paulo,2025-02-09 03:04:03,28.113212138667674,53.0,4.56096425207786,1007.7315879042683,4.660985392104035,nenhum
-1.4558,-48.4902,Belém,2024-08-08 10:56:52,29.801230367894302,80.0,22.562206834321522,1021.5530668629096,12.795796444515924,nenhum
-15.7939,-47.8828,Brasília,2023-09-05 12:47:27,38.7052174684154,7.852903383573164,0.0,1024.011547528879,11.437738900945353,seca
-1.4558,-48.4902,Belém,2023-09-05 18:51:07,29.409405427577887,60.0,3.684927860044089,1009.5774089389151,5.363234329047129,nenhum
-3.119,-60.0217,Manaus,2025-05-24 08:15:18,26.953475930939142,48.0,12.019038653921694,1017.8759881489121,12.505470849699226,nenhum
-3.119,-60.0217,Manaus,2023-12-10 08:09:07,44.15285230197587,18.576585280724835,0.0,999.8903031210023,8.169465877911193,onda_calor
-12.9714,-38.5014,Salvador,2023-06-30 10:31:57,28.71150127812363,51.0,3.1221486064156743,1011.0571294838044,5.575918166551766,nenhum
-12.9714,-38.5014,Salvador,2024-08-30 14:24:41,24.60406121350566,60.0,4.9889622984546325,1011.2245805088797,18.199822646856965,nenhum
-9.9747,-67.8243,Rio Branco,2024-06-19 09:31:10,33.899467746998454,10.123637775457906,0.0,1017.9685099642876,6.563372042125215,seca
-9.9747,-67.8243,Rio Branco,2023-12-17 19:41:44,24.973648279271305,61.0,1.5236368929421396,1000.9862303255015,8.961844735088105,nenhum
-9.9747,-67.8243,Rio Branco,2025-01-13 12:53:21,39.870722502843506,7.68958945826471,0.0,1008.0000885031249,11.104578644513959,seca
-25.4284,-49.2733,Curitiba,2023-09-19 00:14:58,26.424715071288848,66.0,0.754254552689986,1010.6522391046933,8.899026864960213,nenhum
-3.119,-60.0217,Manaus,2023-10-15 14:34:50,17.72858109425603,79.0,3.1719746160635727,1006.56026305241,-3.157159417099532,nenhum
-30.0346,-51.2177,Porto Alegre,2024-07-18 05:21:49,29.850675678342128,47.0,0.18706282919097914,1024.8185893464836,8.453954614750682,nenhum
-8.0476,-34.877,Recife,2023-07-15 17:43:53,22.99137437763767,60.0,2.8860602653949723,1010.5382449393022,3.2854780086519586,nenhum
-8.0476,-34.877,Recife,2024-09-30 14:50:18,32.35510217736684,7.778220727817344,0.0,1012.6768888459841,17.273100031223713,seca
-3.119,-60.0217,Manaus,2024-11-21 00:35:04,29.414852182731313,60.0,2.117303887116328,1018.380035692993,10.10655824335971,nenhum
-30.0346,-51.2177,Porto Alegre,2023-10-31 07:43:02,33.60476274301203,58.0,2.994615396929002,1012.6966959309269,17.40284027770944,nenhum
-3.7172,-38.5433,Fortaleza,2024-04-24 17:00:52,23.162598848255733,47.0,11.908736913559572,1016.8601078100171,17.656618722897345,nenhum
-23.5505,-46.6333,São Paulo,2024-10-11 08:16:02,29.684990739641382,78.0,15.399171534142663,1010.288138392806,13.43931663593509,nenhum
-23.5505,-46.6333,São Paulo,2025-03-19 14:41:53,27.67866209039228,62.0,6.321660348884412,1011.1150242041648,12.878898913332264,nenhum
-12.9714,-38.5014,Salvador,2023-09-12 12:04:16,30.30548798096472,75.0,2.302667240593697,1015.9617596055409,8.944348805861528,nenhum
-30.0346,-51.2177,Porto Alegre,2023-07-21 03:59:21,22.051281891395263,59.0,11.529014727376358,1004.6277786808615,5.519052688416698,nenhum
-9.9747,-67.8243,Rio Branco,2024-02-08 04:29:20,23.894821875092106,68.0,5.676432558498414,1020.5290914381983,15.880875526199599,nenhum
-8.0476,-34.877,Recife,2023-09-06 16:18:16,19.06406588233059,49.0,3.487318516390264,1011.4937238233659,8.413272036356958,nenhum
-8.0476,-34.877,Recife,2024-11-11 08:36:22,25.827262555981804,98.70490625137289,152.99915229264187,1003.6763093536819,17.9873904915572,chuva_torrencial
-9.9747,-67.8243,Rio Branco,2025-01-28 12:41:59,29.670180826656484,82.0,3.327664871115796,1010.2563754612952,10.464224505705573,nenhum
-1.4558,-48.4902,Belém,2023-08-20 15:36:09,26.6394255679896,70.0,3.142491309118465,1007.8616242953702,15.239710308760712,nenhum
-3.119,-60.0217,Manaus,2025-01-08 16:18:27,24.65841710890483,75.0,5.588465205528075,1008.2807464728814,4.527067302235356,nenhum
-8.0476,-34.877,Recife,2024-02-11 03:36:16,24.93692165402407,73.0,2.4244869242790963,1020.1671120991258,20.95412579936376,nenhum
-23.5505,-46.6333,São Paulo,2023-10-19 11:50:43,20.48588259982701,80.0,2.8192443534990463,1016.967443602761,1.2573401338090964,nenhum
-25.4284,-49.2733,Curitiba,2024-02-02 23:39:29,31.217360971512612,75.0,2.495920132302668,1004.6875400598217,16.98539750366658,nenhum
-12.9714,-38.5014,Salvador,2023-12-25 13:28:16,38.34862060079362,67.0,2.815240067989305,1008.1779787269415,7.849216822040816,nenhum
-9.9747,-67.8243,Rio Branco,2023-09-06 15:08:07,26.198314081938825,67.0,0.03366503102100511,1012.193278941741,16.36820166075823,nenhum
-15.7939,-47.8828,Brasília,2025-02-09 15:39:13,24.006928467598602,50.0,1.8641486276414165,1017.8242581654873,18.07791411774116,nenhum
-3.119,-60.0217,Manaus,2025-04-04 22:12:44,3.6459372819754,54.3578510850998,4.940179830777959,1029.4569392477517,1.4055296757836078,onda_frio
-3.119,-60.0217,Manaus,2023-12-19 23:15:22,24.151615925394406,44.0,1.297007143921861,1013.1397572762223,12.090935392338745,nenhum
-25.4284,-49.2733,Curitiba,2023-08-17 15:55:03,18.930810587557694,45.0,7.057314520714552,1005.7451336877946,0.9810928911091086,nenhum
-12.9714,-38.5014,Salvador,2023-11-18 05:23:10,24.580050863546848,76.0,9.023622862104475,1005.981216774737,2.734174268728612,nenhum
-3.7172,-38.5433,Fortaleza,2024-05-01 17:19:30,15.504847057802937,57.0,8.76386775688192,1006.8966497515904,9.463489279978855,nenhum
-3.119,-60.0217,Manaus,2025-02-27 19:58:13,25.895433851620556,95.0,77.07038036737926,1005.549900636315,6.098535302050531,enchente
-3.7172,-38.5433,Fortaleza,2024-11-04 14:06:15,32.29125856366873,62.0,2.9030346577253274,1014.2522620386388,4.682989967145246,nenhum
-8.0476,-34.877,Recife,2023-09-11 03:41:13,22.506361463648766,60.0,2.096156992084949,1003.1035009481211,13.73955128058767,nenhum
-15.7939,-47.8828,Brasília,2024-06-14 11:16:04,21.709027897040773,74.0,0.8156631869097806,1014.1962343205557,7.390490929084225,nenhum
-30.0346,-51.2177,Porto Alegre,2024-12-29 03:07:00,28.259256598731717,56.0,6.632169885638262,1007.757379433974,3.9948491696153754,nenhum
-8.0476,-34.877,Recife,2024-03-05 01:31:29,25.240789921010318,78.0,2.513772608450984,1020.2003675826672,9.849278652395745,nenhum
-1.4558,-48.4902,Belém,2024-08-16 04:07:27,41.80117208770364,13.416246041548144,0.0,1006.296882647344,14.640288471655138,onda_calor
-9.9747,-67.8243,Rio Branco,2024-06-02 14:48:55,27.014958645978293,84.0,3.066751049871927,1015.3384658588271,6.607353323176286,nenhum
-1.4558,-48.4902,Belém,2023-08-22 16:46:18,26.30268917618894,59.0,3.1441253882379314,1013.0939015215822,13.26855940128097,nenhum
-15.7939,-47.8828,Brasília,2024-05-25 19:21:03,26.868857238589374,45.0,4.4425452346212495,1011.2668340825459,2.7597181397965524,nenhum
-12.9714,-38.5014,Salvador,2023-12-10 08:40:06,22.629029639940235,72.0,4.135812868867455,1023.411743720478,4.213400065077578,nenhum
-23.5505,-46.6333,São Paulo,2023-11-30 17:52:57,25.112692874974833,56.0,10.033824089565735,1016.3720062074716,9.725529996918569,nenhum
-9.9747,-67.8243,Rio Branco,2025-03-24 04:32:13,27.14221629943063,43.0,8.214697952925414,1013.815305337147,9.96135388872631,nenhum
-3.7172,-38.5433,Fortaleza,2025-03-27 09:13:59,20.461413517221587,47.0,0.322466443437917,1017.8154449910652,9.323728373031537,nenhum
-3.7172,-38.5433,Fortaleza,2024-04-21 07:29:12,30.014266240733143,52.0,17.795056232184137,1016.613480047613,5.688238134682778,nenhum
-15.7939,-47.8828,Brasília,2024-10-04 15:00:55,34.95897215971146,60.0,2.2214106120466734,1015.3003530317372,6.866413877050174,nenhum
-30.0346,-51.2177,Porto Alegre,2024-06-07 07:36:42,2.1070496386720317,69.14896038076192,0.0443164255673445,1024.3119673619137,9.978208556819782,onda_frio
-3.7172,-38.5433,Fortaleza,2023-07-13 20:47:43,29.812500181504348,46.0,0.01160118787694962,1015.5654271004864,9.381358318664136,nenhum
-3.119,-60.0217,Manaus,2025-02-28 13:43:24,24.574113450526678,76.0,6.744533017740471,1015.1068990554904,7.030799188766806,nenhum
-25.4284,-49.2733,Curitiba,2024-09-21 13:01:35,28.78841142363309,40.0,9.351463373394024,1018.9122691330265,6.1647274671466175,nenhum
-9.9747,-67.8243,Rio Branco,2023-07-26 20:28:51,26.84726831589791,48.0,6.421387903960527,1017.8092717810247,4.362884719267459,nenhum
-30.0346,-51.2177,Porto Alegre,2024-04-12 05:22:59,34.43777837856984,52.0,14.752649925309992,1016.9230015921836,0.5319266652310723,nenhum
-9.9747,-67.8243,Rio Branco,2024-11-03 20:43:16,38.538034526933146,17.509364021056268,0.0,1008.6398811221188,12.945155444907487,onda_calor
-8.0476,-34.877,Recife,2023-06-29 05:55:47,25.283158101498444,41.0,6.191269664671321,1013.4125634966159,4.491690423102988,nenhum
-23.5505,-46.6333,São Paulo,2023-06-16 16:59:45,28.54517267375444,73.0,1.649500892277558,1017.1473742096588,9.030869306135983,nenhum
-15.7939,-47.8828,Brasília,2024-07-19 13:16:07,23.928974207487293,97.38218493171895,122.60289978159997,1002.2366882897956,19.052396440650682,chuva_torrencial
-12.9714,-38.5014,Salvador,2024-06-28 07:34:12,26.09255489239267,58.0,5.218028092377419,997.9024392208959,10.919247723768475,nenhum
-8.0476,-34.877,Recife,2025-01-29 06:04:55,33.20204472604341,59.0,5.7382336476219,1019.1947317646972,14.035612983186551,nenhum
-23.5505,-46.6333,São Paulo,2025-03-04 08:18:17,22.105815201182125,63.0,1.7122411191872486,1007.9640815309698,10.838629110256102,nenhum
-9.9747,-67.8243,Rio Branco,2025-04-03 12:14:09,9.16791690702335,64.41310290566227,2.007228154565968,1022.7810878949875,2.715470474112424,onda_frio
-23.5505,-46.6333,São Paulo,2024-01-27 16:52:59,29.24895912375688,54.0,0.5420940064278567,1015.8015322066155,6.9218566275121765,nenhum
-3.7172,-38.5433,Fortaleza,2024-05-30 10:28:20,28.775513779922615,56.0,0.32370402329413395,1020.9803986776658,14.125491323338174,nenhum
-12.9714,-38.5014,Salvador,2023-12-19 13:35:31,22.5314791371564,68.0,13.360089080734168,1012.1527538125831,10.747987390367769,nenhum
-3.7172,-38.5433,Fortaleza,2024-07-08 03:40:58,30.278433048631925,43.0,7.777885788656754,1013.9481406165272,9.20202719087502,nenhum
-8.0476,-34.877,Recife,2024-11-30 01:22:37,29.779886661554926,45.0,2.3685970527975804,1012.672261966095,19.908459032000145,nenhum
-3.119,-60.0217,Manaus,2025-03-17 03:27:28,32.2751144164114,49.0,0.7489766758243604,1006.3595186878313,12.750475285138473,nenhum
-1.4558,-48.4902,Belém,2023-06-18 06:34:17,24.559871541380556,76.0,16.913964705202705,1007.7230649145375,15.292422717651624,nenhum
-25.4284,-49.2733,Curitiba,2023-07-29 16:10:16,38.737554455756,21.72735795017403,0.0,1006.6856705272692,8.600504659009783,onda_calor
-25.4284,-49.2733,Curitiba,2024-07-25 04:32:36,26.559107879064943,78.0,3.4697489699417523,1005.7807259193323,-1.4809047656861907,nenhum
-15.7939,-47.8828,Brasília,2023-08-18 02:08:47,23.797852602033664,83.0,0.014427052307371098,1006.8964378704292,8.568040632516118,nenhum
-23.5505,-46.6333,São Paulo,2025-01-29 13:05:52,27.30967908660395,76.0,8.63491419891449,1011.0166892008904,12.412620244142957,nenhum
-25.4284,-49.2733,Curitiba,2025-04-14 06:44:05,24.517637907710192,61.0,1.2150777348314863,1023.519030460637,14.854706656884305,nenhum
-25.4284,-49.2733,Curitiba,2024-08-13 07:53:30,32.40901290242764,73.0,2.5104391638335337,1013.691493448929,8.300427471153915,nenhum
-3.7172,-38.5433,Fortaleza,2024-03-21 02:24:00,35.868814843249964,60.0,1.6942424636730937,1008.0382085675475,7.279429989429037,nenhum
-8.0476,-34.877,Recife,2025-02-08 02:27:08,25.348828375710823,49.0,3.924182624069989,1014.4918872630059,6.825465401287924,nenhum
-8.0476,-34.877,Recife,2025-05-17 16:16:11,27.166921509013633,41.0,0.09758425834938557,1012.0841086554739,8.857000423299906,nenhum
-3.119,-60.0217,Manaus,2025-02-19 03:04:15,22.022602501565952,64.0,6.662828249997731,1016.295156744362,8.622448547657996,nenhum
-15.7939,-47.8828,Brasília,2023-08-02 09:56:31,29.656087836872818,64.0,16.55211110504819,1008.2577756362193,20.08953981916619,nenhum
-30.0346,-51.2177,Porto Alegre,2025-04-06 00:01:56,26.865267526274003,59.0,3.034103344004441,1008.6706678143547,6.403783310185169,nenhum
